{"cameraMode":{"drawMode":0,"name":"Shaded","section":"Shading Mode"},"sceneLighting":true,"audioPlay":false,"sceneViewState":{"m_AlwaysRefresh":false,"showFog":true,"showSkybox":true,"showFlares":true,"showImageEffects":true,"showParticleSystems":true,"showVisualEffectGraphs":true,"m_FxEnabled":true},"in2DMode":false,"pivot":{"x":-8.25532341003418,"y":-83.0142593383789,"z":2.7485547065734865},"rotation":{"x":0.5039405822753906,"y":0.021001853048801423,"z":-0.012241859920322895,"w":0.8634312152862549},"size":0.014579525217413903,"orthographic":false}